Category,Recommended action,Your decision,Monday card ID,Order number,Card name,Monday board,Exists on Monday,Status,Invoice / PO,Order date,Last seen,Why it is here,Your notes
"Deleted card (safe deletion candidate)","Delete from old Monday list","","11732246307","","BFI / 250507 Pasons Table Desk is Installed (copy)","Order Track AKF","No - deleted","In Progress (64%)","","2025-05-09","2026-04-14T00:25:40.017Z","The Monday card no longer exists.",""
"Deleted card (safe deletion candidate)","Delete from old Monday list","","8540534739","","EvensonBest/240606R","Shipped Orders AKF","No - deleted","In Progress (87%)","","2024-12-12","2026-05-13T07:32:24.461Z","The Monday card no longer exists.",""
"Deleted card (safe deletion candidate)","Delete from old Monday list","","12762041855","","","Design AKF","No - deleted","In Progress (0%)","","2026-08-10","2026-08-10T14:28:57.144Z","The Monday card no longer exists.",""
"Deleted card (safe deletion candidate)","Delete from old Monday list","","6146978105","240214","AFD / 240214 (7/31)","Shipped Orders AKF","No - deleted","In Progress (100%)","","2024-02-27","2026-05-13T07:32:24.461Z","The Monday card no longer exists.",""
"Deleted card (safe deletion candidate)","Delete from old Monday list","","6147719953","240215","Cama Inc / 240215","Shipped Orders AKF","No - deleted","In Progress (39%)","","2024-02-27","2026-05-13T07:32:24.461Z","The Monday card no longer exists.",""
"Deleted card (safe deletion candidate)","Delete from old Monday list","","6155124717","240216","EvensonBest / 240216","Shipped Orders AKF","No - deleted","In Progress (75%)","","2024-02-27","2026-05-13T07:32:24.461Z","The Monday card no longer exists.",""
"Deleted card (safe deletion candidate)","Delete from old Monday list","","6215985203","240301","MOE / 240301","Shipped Orders AKF","No - deleted","In Progress (87%)","","2024-03-07","2026-05-13T07:32:24.461Z","The Monday card no longer exists.",""
"Deleted card (safe deletion candidate)","Delete from old Monday list","","6241881291","240302","Dancker / 240302","Shipped Orders AKF","No - deleted","In Progress (87%)","","2024-03-11","2026-05-13T07:32:24.461Z","The Monday card no longer exists.",""
"Deleted card (safe deletion candidate)","Delete from old Monday list","","6262548012","240303","BFI / 240303 (5/20)","Shipped Orders AKF","No - deleted","In Progress (100%)","","2024-03-13","2026-05-13T07:32:24.461Z","The Monday card no longer exists.",""
"Deleted card (safe deletion candidate)","Delete from old Monday list","","6288563257","240305","S-O-S / 240305 (JustWork)","Shipped Orders AKF","No - deleted","In Progress (51%)","","2024-03-19","2026-05-13T07:32:24.461Z","The Monday card no longer exists.",""
"Deleted card (safe deletion candidate)","Delete from old Monday list","","6311293438","240306","Empire / 240306","Shipped Orders AKF","No - deleted","In Progress (87%)","","2024-03-21","2026-05-13T07:32:24.461Z","The Monday card no longer exists.",""
"Deleted card (safe deletion candidate)","Delete from old Monday list","","6314368924","240307","Cama Inc / 240307","Shipped Orders AKF","No - deleted","In Progress (87%)","","2024-03-21","2026-05-13T07:32:24.461Z","The Monday card no longer exists.",""
"Deleted card (safe deletion candidate)","Delete from old Monday list","","6331223142","240308","Washington Workplace / 240308","Shipped Orders AKF","No - deleted","In Progress (63%)","","2024-03-26","2026-05-13T07:32:24.461Z","The Monday card no longer exists.",""
"Deleted card (safe deletion candidate)","Delete from old Monday list","","6342777032","240309","Veyer / 240309r","Shipped Orders AKF","No - deleted","In Progress (88%)","","2024-03-26","2026-05-13T07:32:24.461Z","The Monday card no longer exists.",""
"Deleted card (safe deletion candidate)","Delete from old Monday list","","6342777116","240310","Soyka Smith / 240310","Shipped Orders AKF","No - deleted","In Progress (13%)","","2024-03-27","2026-05-13T07:32:24.461Z","The Monday card no longer exists.",""
"Deleted card (safe deletion candidate)","Delete from old Monday list","","6342777201","240311","Empire Office / 240311 (7/29)","Shipped Orders AKF","No - deleted","In Progress (87%)","","2024-03-27","2026-05-13T07:32:24.461Z","The Monday card no longer exists.",""
"Deleted card (safe deletion candidate)","Delete from old Monday list","","6354102448","240313","BFI / 240313","Shipped Orders AKF","No - deleted","In Progress (87%)","","2024-03-29","2026-05-13T07:32:24.461Z","The Monday card no longer exists.",""
"Deleted card (safe deletion candidate)","Delete from old Monday list","","6366336543","240401","Soyka Smith / 240401","Shipped Orders AKF","No - deleted","In Progress (63%)","","2024-04-01","2026-05-13T07:32:24.461Z","The Monday card no longer exists.",""
"Deleted card (safe deletion candidate)","Delete from old Monday list","","6382751703","240403","Virginia State Bar / 240403","Shipped Orders AKF","No - deleted","In Progress (39%)","","2024-04-03","2026-05-13T07:32:24.461Z","The Monday card no longer exists.",""
"Deleted card (safe deletion candidate)","Delete from old Monday list","","6390370452","240404","Alianza Duffy / 240404","Shipped Orders AKF","No - deleted","In Progress (87%)","","2024-04-04","2026-05-13T07:32:24.461Z","The Monday card no longer exists.",""
"Deleted card (safe deletion candidate)","Delete from old Monday list","","6454974639","240405","BFI / 240405","Shipped Orders AKF","No - deleted","In Progress (87%)","","2024-04-15","2026-05-13T07:32:24.461Z","The Monday card no longer exists.",""
"Deleted card (safe deletion candidate)","Delete from old Monday list","","6466256303","240406","S-O-S / 240406 (Leerink office)","Shipped Orders AKF","No - deleted","In Progress (63%)","","2024-04-16","2026-05-13T07:32:24.461Z","The Monday card no longer exists.",""
"Deleted card (safe deletion candidate)","Delete from old Monday list","","6480065411","240407","S-O-S / 240407 (Linden)","Shipped Orders AKF","No - deleted","In Progress (87%)","","2024-04-17","2026-05-13T07:32:24.461Z","The Monday card no longer exists.",""
"Deleted card (safe deletion candidate)","Delete from old Monday list","","6480065435","240408","S-O-S / 240408 (Leerink Reception)","Shipped Orders AKF","No - deleted","In Progress (63%)","","2024-04-17","2026-05-13T07:32:24.461Z","The Monday card no longer exists.",""
"Deleted card (safe deletion candidate)","Delete from old Monday list","","6487739098","240409","EvensonBest / 240409 (6/12)","Shipped Orders AKF","No - deleted","In Progress (87%)","","2024-04-18","2026-05-13T07:32:24.461Z","The Monday card no longer exists.",""
"Deleted card (safe deletion candidate)","Delete from old Monday list","","6499540898","240410","S-O-S / 240410 (Leerink Banquette)","Shipped Orders AKF","No - deleted","In Progress (75%)","","2024-04-22","2026-05-13T07:32:24.461Z","The Monday card no longer exists.",""
"Deleted card (safe deletion candidate)","Delete from old Monday list","","6524894990","240411","Jay Chicoy LLC / 240411","Shipped Orders AKF","No - deleted","In Progress (87%)","","2024-04-24","2026-05-13T07:32:24.461Z","The Monday card no longer exists.",""
"Deleted card (safe deletion candidate)","Delete from old Monday list","","6525967075","240413","Bialek / 240413","Shipped Orders AKF","No - deleted","In Progress (87%)","","2024-04-25","2026-05-13T07:32:24.461Z","The Monday card no longer exists.",""
"Deleted card (safe deletion candidate)","Delete from old Monday list","","6530276512","240414","COR / 240414","Shipped Orders AKF","No - deleted","In Progress (87%)","","2024-04-25","2026-05-13T07:32:24.461Z","The Monday card no longer exists.",""
"Deleted card (safe deletion candidate)","Delete from old Monday list","","6565413263","240501","Red Thread / 240501","Shipped Orders AKF","No - deleted","In Progress (87%)","","2024-05-01","2026-05-13T07:32:24.461Z","The Monday card no longer exists.",""
"Deleted card (safe deletion candidate)","Delete from old Monday list","","6639289035","240502","Soyka Smith / 240502","Shipped Orders AKF","No - deleted","In Progress (87%)","","2024-05-14","2026-05-13T07:32:24.461Z","The Monday card no longer exists.",""
"Deleted card (safe deletion candidate)","Delete from old Monday list","","6672687440","240503","Benhar Office / 240503","Shipped Orders AKF","No - deleted","In Progress (87%)","","2024-05-20","2026-05-13T07:32:24.461Z","The Monday card no longer exists.",""
"Deleted card (safe deletion candidate)","Delete from old Monday list","","6679055668","240504","Engel & Volkers / 240504","Shipped Orders AKF","No - deleted","In Progress (38%)","","2024-05-21","2026-05-13T07:32:24.461Z","The Monday card no longer exists.",""
"Deleted card (safe deletion candidate)","Delete from old Monday list","","6688397201","240505","Alianza Duffy / 240505","Shipped Orders AKF","No - deleted","In Progress (51%)","","2024-05-21","2026-05-13T07:32:24.461Z","The Monday card no longer exists.",""
"Deleted card (safe deletion candidate)","Delete from old Monday list","","6688397242","240506","Interior Investment LLC  / 240506","Shipped Orders AKF","No - deleted","In Progress (100%)","","2024-05-22","2026-05-13T07:32:24.461Z","The Monday card no longer exists.",""
"Deleted card (safe deletion candidate)","Delete from old Monday list","","6695526354","240507","WB Wood / 240507","Shipped Orders AKF","No - deleted","In Progress (51%)","","2024-05-23","2026-05-13T07:32:24.461Z","The Monday card no longer exists.",""
"Deleted card (safe deletion candidate)","Delete from old Monday list","","6728406003","240508","Osterman Cron / 240508","Shipped Orders AKF","No - deleted","In Progress (63%)","","2024-05-23","2026-05-13T07:32:24.461Z","The Monday card no longer exists.",""
"Deleted card (safe deletion candidate)","Delete from old Monday list","","6727428261","240509","Bialek / 240509","Shipped Orders AKF","No - deleted","In Progress (100%)","","2024-05-28","2026-05-13T07:32:24.461Z","The Monday card no longer exists.",""
"Deleted card (safe deletion candidate)","Delete from old Monday list","","6729934714","240510","Combined Resources Interiors, Inc. / 240510","Shipped Orders AKF","No - deleted","In Progress (87%)","","2024-05-29","2026-05-13T07:32:24.461Z","The Monday card no longer exists.",""
"Deleted card (safe deletion candidate)","Delete from old Monday list","","8240684324","240510-A","Combine Resources Interiors Inc. 240510-A","Shipped Orders AKF","No - deleted","In Progress (87%)","","2024-12-17","2026-05-13T07:32:24.461Z","The Monday card no longer exists.",""
"Deleted card (safe deletion candidate)","Delete from old Monday list","","6745835789","240511_A","Office Concepts Inc / 240511_A","Shipped Orders AKF","No - deleted","In Progress (100%)","","2024-05-31","2026-05-13T07:32:24.461Z","The Monday card no longer exists.",""
"Deleted card (safe deletion candidate)","Delete from old Monday list","","6745835840","240511_B","Office got Concepts Inc / 240511_B","Shipped Orders AKF","No - deleted","In Progress (100%)","","2024-05-31","2026-05-13T07:32:24.461Z","The Monday card no longer exists.",""
"Deleted card (safe deletion candidate)","Delete from old Monday list","","6745835911","240511_C","Office Concepts Inc / 240511_C","Shipped Orders AKF","No - deleted","In Progress (100%)","","2024-05-31","2026-05-13T07:32:24.461Z","The Monday card no longer exists.",""
"Deleted card (safe deletion candidate)","Delete from old Monday list","","6745835946","240512","Benhar Office / 240512","Shipped Orders AKF","No - deleted","In Progress (87%)","","2024-05-31","2026-05-13T07:32:24.461Z","The Monday card no longer exists.",""
"Deleted card (safe deletion candidate)","Delete from old Monday list","","6791853775","240605","Premier Environments / 240605","Shipped Orders AKF","No - deleted","In Progress (87%)","","2024-06-06","2026-05-13T07:32:24.461Z","The Monday card no longer exists.",""
"Deleted card (safe deletion candidate)","Delete from old Monday list","","6811186028","240606","EvensonBest / 240606","Shipped Orders AKF","No - deleted","In Progress (87%)","","2024-06-10","2026-05-13T07:32:24.461Z","The Monday card no longer exists.",""
"Deleted card (safe deletion candidate)","Delete from old Monday list","","6811186049","240607","Lane Office / 240607","Shipped Orders AKF","No - deleted","In Progress (87%)","","2024-06-10","2026-05-13T07:32:24.461Z","The Monday card no longer exists.",""
"Deleted card (safe deletion candidate)","Delete from old Monday list","","6838359518","240609","County of Somerset NJ / 240609","Shipped Orders AKF","No - deleted","In Progress (87%)","","2024-06-13","2026-05-13T07:32:24.461Z","The Monday card no longer exists.",""
"Deleted card (safe deletion candidate)","Delete from old Monday list","","6883717427","240612","S-O-S / 240612","Shipped Orders AKF","No - deleted","In Progress (39%)","","2024-06-21","2026-05-13T07:32:24.461Z","The Monday card no longer exists.",""
"Deleted card (safe deletion candidate)","Delete from old Monday list","","7702675783","240612-A","S-O-S / 240612-A","Shipped Orders AKF","No - deleted","In Progress (87%)","","2024-10-24","2026-05-13T07:32:24.461Z","The Monday card no longer exists.",""
"Deleted card (safe deletion candidate)","Delete from old Monday list","","6903837895","240615","David G. Rosen Inc. / 240615","Shipped Orders AKF","No - deleted","In Progress (87%)","","2024-06-25","2026-05-13T07:32:24.461Z","The Monday card no longer exists.",""
"Deleted card (safe deletion candidate)","Delete from old Monday list","","6908954074","240617","COR / 240617","Shipped Orders AKF","No - deleted","In Progress (88%)","","2024-06-26","2026-05-13T07:32:24.461Z","The Monday card no longer exists.",""
"Deleted card (safe deletion candidate)","Delete from old Monday list","","6948938583","240701","Empire Office / 240701","Shipped Orders AKF","No - deleted","In Progress (63%)","","2024-07-01","2026-05-13T07:32:24.461Z","The Monday card no longer exists.",""
"Deleted card (safe deletion candidate)","Delete from old Monday list","","6979945503","240702","Widmer Interiors / 240702","Shipped Orders AKF","No - deleted","In Progress (87%)","","2024-07-04","2026-05-13T07:32:24.461Z","The Monday card no longer exists.",""
"Deleted card (safe deletion candidate)","Delete from old Monday list","","7045373800","240703","BFI / 240703","Shipped Orders AKF","No - deleted","In Progress (87%)","","2024-07-17","2026-05-13T07:32:24.461Z","The Monday card no longer exists.",""
"Deleted card (safe deletion candidate)","Delete from old Monday list","","7060869899","240704","AFD / 240704","Shipped Orders AKF","No - deleted","In Progress (87%)","","2024-07-18","2026-05-13T07:32:24.461Z","The Monday card no longer exists.",""
"Deleted card (safe deletion candidate)","Delete from old Monday list","","7071436322","240706","NJIT /240911","Shipped Orders AKF","No - deleted","In Progress (87%)","","2024-07-22","2026-05-13T07:32:24.461Z","The Monday card no longer exists.",""
"Deleted card (safe deletion candidate)","Delete from old Monday list","","7117644027","240707","West Chester University / COFCO  / 240707","Shipped Orders AKF","No - deleted","In Progress (87%)","","2024-07-29","2026-05-13T07:32:24.461Z","The Monday card no longer exists.",""
"Deleted card (safe deletion candidate)","Delete from old Monday list","","7151116305","240802","Premier Environments / 240802","Shipped Orders AKF","No - deleted","In Progress (87%)","","2024-08-02","2026-05-13T07:32:24.461Z","The Monday card no longer exists.",""
"Deleted card (safe deletion candidate)","Delete from old Monday list","","7206315055","240803","Empire Office / 240803","Shipped Orders AKF","No - deleted","In Progress (87%)","","2024-08-06","2026-05-13T07:32:24.461Z","The Monday card no longer exists.",""
"Deleted card (safe deletion candidate)","Delete from old Monday list","","7218535125","240805","Chuckals Office Products / 240805","Shipped Orders AKF","No - deleted","In Progress (87%)","","2024-08-13","2026-05-13T07:32:24.461Z","The Monday card no longer exists.",""
"Deleted card (safe deletion candidate)","Delete from old Monday list","","7254005716","240807","AFD / 240803","Shipped Orders AKF","No - deleted","In Progress (87%)","","2024-08-19","2026-05-13T07:32:24.461Z","The Monday card no longer exists.",""
"Deleted card (safe deletion candidate)","Delete from old Monday list","","7313792669","240810","WB Wood / 240810","Shipped Orders AKF","No - deleted","In Progress (87%)","","2024-08-27","2026-05-13T07:32:24.461Z","The Monday card no longer exists.",""
"Deleted card (safe deletion candidate)","Delete from old Monday list","","7322622677","240811","Business Interiors / 240811","Shipped Orders AKF","No - deleted","In Progress (87%)","","2024-08-29","2026-05-13T07:32:24.461Z","The Monday card no longer exists.",""
"Deleted card (safe deletion candidate)","Delete from old Monday list","","7351816789","240901","JC White / 240901","Shipped Orders AKF","No - deleted","In Progress (87%)","","2024-09-03","2026-05-13T07:32:24.461Z","The Monday card no longer exists.",""
"Deleted card (safe deletion candidate)","Delete from old Monday list","","7471669124","240902","New day office / 240902","Shipped Orders AKF","No - deleted","In Progress (87%)","","2024-09-05","2026-05-13T07:32:24.461Z","The Monday card no longer exists.",""
"Deleted card (safe deletion candidate)","Delete from old Monday list","","7408700515","240903","Benhar Office Interiors / 240903","Shipped Orders AKF","No - deleted","In Progress (87%)","","2024-09-06","2026-05-13T07:32:24.461Z","The Monday card no longer exists.",""
"Deleted card (safe deletion candidate)","Delete from old Monday list","","7408700586","240904","Benhar Office Interiors / 240904","Shipped Orders AKF","No - deleted","In Progress (87%)","","2024-09-11","2026-05-13T07:32:24.461Z","The Monday card no longer exists.",""
"Deleted card (safe deletion candidate)","Delete from old Monday list","","7424904510","240905","Creative Office Resources / 240905","Shipped Orders AKF","No - deleted","In Progress (87%)","","2024-09-12","2026-05-13T07:32:24.461Z","The Monday card no longer exists.",""
"Deleted card (safe deletion candidate)","Delete from old Monday list","","7438400831","240907","EvensonBest / 240907","Shipped Orders AKF","No - deleted","In Progress (87%)","","2024-09-16","2026-05-13T07:32:24.461Z","The Monday card no longer exists.",""
"Deleted card (safe deletion candidate)","Delete from old Monday list","","7439679505","240908","Creative Office Resources / 240908","Shipped Orders AKF","No - deleted","In Progress (87%)","","2024-09-13","2026-05-13T07:32:24.461Z","The Monday card no longer exists.",""
"Deleted card (safe deletion candidate)","Delete from old Monday list","","7133567844","240909","COFCO / 240909","Shipped Orders AKF","No - deleted","In Progress (87%)","","2024-07-31","2026-05-13T07:32:24.461Z","The Monday card no longer exists.",""
"Deleted card (safe deletion candidate)","Delete from old Monday list","","7454547754","240910","Lane Office / 240910","Shipped Orders AKF","No - deleted","In Progress (87%)","","2024-09-17","2026-05-13T07:32:24.461Z","The Monday card no longer exists.",""
"Deleted card (safe deletion candidate)","Delete from old Monday list","","7513419556","240911","American Design Associates / 240911","Shipped Orders AKF","No - deleted","In Progress (87%)","","2024-09-18","2026-05-13T07:32:24.461Z","The Monday card no longer exists.",""
"Deleted card (safe deletion candidate)","Delete from old Monday list","","7509655197","240917","S-O-S / 240917","Shipped Orders AKF","No - deleted","In Progress (87%)","","2024-09-06","2026-05-13T07:32:24.461Z","The Monday card no longer exists.",""
"Deleted card (safe deletion candidate)","Delete from old Monday list","","7509789753","240918","S-O-S / 240918","Shipped Orders AKF","No - deleted","In Progress (87%)","","2024-06-21","2026-05-13T07:32:24.461Z","The Monday card no longer exists.",""
"Deleted card (safe deletion candidate)","Delete from old Monday list","","7517421363","240922","Strategic Spaces, LLC./ 240922","Shipped Orders AKF","No - deleted","In Progress (87%)","","2024-09-27","2026-05-13T07:32:24.461Z","The Monday card no longer exists.",""
"Deleted card (safe deletion candidate)","Delete from old Monday list","","12192080407","241011","Hi Touch / 241011","Order Track AKF","No - deleted","In Progress (100%)","","2024-10-07","2026-06-09T21:00:07.253Z","The Monday card no longer exists.",""
"Deleted card (safe deletion candidate)","Delete from old Monday list","","7591905012","241012","S-O-S / 241012 & 241012-A (New PO #'s)","Shipped Orders AKF","No - deleted","In Progress (87%)","","2024-10-08","2026-05-13T07:32:24.461Z","The Monday card no longer exists.",""
"Deleted card (safe deletion candidate)","Delete from old Monday list","","7648087713","241019","CFI/ 241019","Shipped Orders AKF","No - deleted","In Progress (75%)","","2024-10-16","2026-05-13T07:32:24.461Z","The Monday card no longer exists.",""
"Deleted card (safe deletion candidate)","Delete from old Monday list","","7649602948","241020","Benhar Office / 241020","Shipped Orders AKF","No - deleted","In Progress (87%)","","2024-10-16","2026-05-13T07:32:24.461Z","The Monday card no longer exists.",""
"Deleted card (safe deletion candidate)","Delete from old Monday list","","7675693055","241022","S-O-S / 241022","Shipped Orders AKF","No - deleted","In Progress (87%)","","2024-10-18","2026-05-13T07:32:24.461Z","The Monday card no longer exists.",""
"Deleted card (safe deletion candidate)","Delete from old Monday list","","7687036042","241023","Town of Windham CT / 241023","Shipped Orders AKF","No - deleted","In Progress (87%)","","2024-10-22","2026-05-13T07:32:24.461Z","The Monday card no longer exists.",""
"Deleted card (safe deletion candidate)","Delete from old Monday list","","7704602169","241024","American Design Associates / 241024","Shipped Orders AKF","No - deleted","In Progress (87%)","","2024-10-22","2026-05-13T07:32:24.461Z","The Monday card no longer exists.",""
"Deleted card (safe deletion candidate)","Delete from old Monday list","","7751566560","241025","CFI / 241025","Shipped Orders AKF","No - deleted","Shipped","","2024-10-30","2026-05-13T07:32:24.461Z","The Monday card no longer exists.",""
"Deleted card (safe deletion candidate)","Delete from old Monday list","","7761208860","241027","EvensonBest / 241027","Shipped Orders AKF","No - deleted","In Progress (87%)","","2024-10-31","2026-05-13T07:32:24.461Z","The Monday card no longer exists.",""
"Deleted card (safe deletion candidate)","Delete from old Monday list","","7777703783","241101-A","Empire Office / 241101-A","Shipped Orders AKF","No - deleted","In Progress (75%)","","2024-11-04","2026-05-13T07:32:24.461Z","The Monday card no longer exists.",""
"Deleted card (safe deletion candidate)","Delete from old Monday list","","7777703839","241101-B","Empire Office / 241101-B","Shipped Orders AKF","No - deleted","In Progress (75%)","","2024-11-04","2026-05-13T07:32:24.461Z","The Monday card no longer exists.",""
"Deleted card (safe deletion candidate)","Delete from old Monday list","","7786388595","241102","Workflow Interior / 241102","Shipped Orders AKF","No - deleted","In Progress (76%)","","2024-11-05","2026-05-13T07:32:24.461Z","The Monday card no longer exists.",""
"Deleted card (safe deletion candidate)","Delete from old Monday list","","7842185800","241104","Friends Office / 241104","Shipped Orders AKF","No - deleted","In Progress (87%)","","2024-11-08","2026-05-13T07:32:24.461Z","The Monday card no longer exists.",""
"Deleted card (safe deletion candidate)","Delete from old Monday list","","7846709331","241106","Waldner's / 241106","Shipped Orders AKF","No - deleted","In Progress (87%)","","2024-11-13","2026-05-13T07:32:24.461Z","The Monday card no longer exists.",""
"Deleted card (safe deletion candidate)","Delete from old Monday list","","7872054938","241109","OfficeWorks / 241109","Shipped Orders AKF","No - deleted","In Progress (63%)","","2024-11-15","2026-05-13T07:32:24.461Z","The Monday card no longer exists.",""
"Deleted card (safe deletion candidate)","Delete from old Monday list","","7935300298","241110","Evenson Best / 241110","Shipped Orders AKF","No - deleted","In Progress (87%)","","2024-11-26","2026-05-13T07:32:24.461Z","The Monday card no longer exists.",""
"Deleted card (safe deletion candidate)","Delete from old Monday list","","8057096130","241202","S-O-S / 241202","Shipped Orders AKF","No - deleted","In Progress (75%)","","2024-12-14","2026-05-13T07:32:24.461Z","The Monday card no longer exists.",""
"Deleted card (safe deletion candidate)","Delete from old Monday list","","8057570444","241203","AFD / 241203","Shipped Orders AKF","No - deleted","Shipped","","2024-12-13","2026-05-13T07:32:24.461Z","The Monday card no longer exists.",""
"Deleted card (safe deletion candidate)","Delete from old Monday list","","8061754459","241205","Evenson Best / 241205","Shipped Orders AKF","No - deleted","In Progress (87%)","","2024-12-13","2026-05-13T07:32:24.461Z","The Monday card no longer exists.",""
"Deleted card (safe deletion candidate)","Delete from old Monday list","","8070332016","241206","WB Mason / 241206","Shipped Orders AKF","No - deleted","In Progress (87%)","","2024-12-17","2026-05-13T07:32:24.461Z","The Monday card no longer exists.",""
"Deleted card (safe deletion candidate)","Delete from old Monday list","","8084600798","241207","Lane office / 241207","Shipped Orders AKF","No - deleted","In Progress (51%)","","2024-12-18","2026-05-13T07:32:24.461Z","The Monday card no longer exists.",""
"Deleted card (safe deletion candidate)","Delete from old Monday list","","8084876043","241208","EvensonBest / 241208","Shipped Orders AKF","No - deleted","In Progress (63%)","","2024-12-19","2026-05-13T07:32:24.461Z","The Monday card no longer exists.",""
"Deleted card (safe deletion candidate)","Delete from old Monday list","","8132880675","241210","EvensonBest / 241210","Shipped Orders AKF","No - deleted","In Progress (75%)","","2024-12-19","2026-05-13T07:32:24.461Z","The Monday card no longer exists.",""
"Deleted card (safe deletion candidate)","Delete from old Monday list","","8120512308","241212","Image Business Interiors / 241212","Shipped Orders AKF","No - deleted","In Progress (87%)","","2024-12-23","2026-05-13T07:32:24.461Z","The Monday card no longer exists.",""
"Deleted card (safe deletion candidate)","Delete from old Monday list","","8120512370","241213","AFD / 241213","Shipped Orders AKF","No - deleted","Shipped","","2024-12-26","2026-05-13T07:32:24.461Z","The Monday card no longer exists.",""
"Deleted card (safe deletion candidate)","Delete from old Monday list","","8125470808","241214","S-O-S / 241214","Shipped Orders AKF","No - deleted","In Progress (75%)","","2024-12-27","2026-05-13T07:32:24.461Z","The Monday card no longer exists.",""
"Deleted card (safe deletion candidate)","Delete from old Monday list","","8417208218","241215","EvensonBest / 241215","Shipped Orders AKF","No - deleted","In Progress (87%)","","2025-01-02","2026-05-13T07:32:24.461Z","The Monday card no longer exists.",""
"Deleted card (safe deletion candidate)","Delete from old Monday list","","8190745993","250103","EvensonBest / 250103","Shipped Orders AKF","No - deleted","In Progress (87%)","","2025-01-03","2026-05-13T07:32:24.461Z","The Monday card no longer exists.",""
"Deleted card (safe deletion candidate)","Delete from old Monday list","","8180613544","250104","AFD / 250104","Shipped Orders AKF","No - deleted","In Progress (87%)","","2025-01-06","2026-05-13T07:32:24.461Z","The Monday card no longer exists.",""
"Deleted card (safe deletion candidate)","Delete from old Monday list","","8184093438","250106","Empire Office / 250106","Shipped Orders AKF","No - deleted","In Progress (87%)","","2025-01-07","2026-05-13T07:32:24.461Z","The Monday card no longer exists.",""
"Deleted card (safe deletion candidate)","Delete from old Monday list","","8184429975","250107","Empire Office / 250107","Shipped Orders AKF","No - deleted","In Progress (75%)","","2025-01-07","2026-05-13T07:32:24.461Z","The Monday card no longer exists.",""
"Deleted card (safe deletion candidate)","Delete from old Monday list","","8216164266","250110","AFD / 250110","Shipped Orders AKF","No - deleted","Shipped","","2025-01-10","2026-05-13T07:32:24.461Z","The Monday card no longer exists.",""
"Deleted card (safe deletion candidate)","Delete from old Monday list","","8318317454","250113","Temple B’nai Abraham / 250113","Shipped Orders AKF","No - deleted","In Progress (87%)","","2025-01-17","2026-05-13T07:32:24.461Z","The Monday card no longer exists.",""
"Deleted card (safe deletion candidate)","Delete from old Monday list","","8307858887","250114","S-O-S / 250114","Shipped Orders AKF","No - deleted","In Progress (87%)","","2025-01-22","2026-05-13T07:32:24.461Z","The Monday card no longer exists.",""
"Deleted card (safe deletion candidate)","Delete from old Monday list","","8318317520","250115","S-O-S / 250115","Shipped Orders AKF","No - deleted","In Progress (39%)","","2025-01-22","2026-05-13T07:32:24.461Z","The Monday card no longer exists.",""
"Deleted card (safe deletion candidate)","Delete from old Monday list","","8401849102","250201","Waldners / 250201","Shipped Orders AKF","No - deleted","In Progress (87%)","","2025-02-03","2026-05-13T07:32:24.461Z","The Monday card no longer exists.",""
"Deleted card (safe deletion candidate)","Delete from old Monday list","","8390248710","250202","Storage systems USA / 250202","Shipped Orders AKF","No - deleted","Shipped","","2025-02-03","2026-05-13T07:32:24.461Z","The Monday card no longer exists.",""
"Deleted card (safe deletion candidate)","Delete from old Monday list","","8586219473","250206","Laura Fox Interior Design, LLC / 250206","Shipped Orders AKF","No - deleted","In Progress (87%)","","2025-02-27","2026-05-13T07:32:24.461Z","The Monday card no longer exists.",""
"Deleted card (safe deletion candidate)","Delete from old Monday list","","8482825602","250207","Alfred Williams  & Company / 250207","Shipped Orders AKF","No - deleted","In Progress (87%)","","2025-02-13","2026-05-13T07:32:24.461Z","The Monday card no longer exists.",""
"Deleted card (safe deletion candidate)","Delete from old Monday list","","8483461962","250208","Storage systems USA / 250208","Shipped Orders AKF","No - deleted","In Progress (87%)","","2025-02-14","2026-05-13T07:32:24.461Z","The Monday card no longer exists.",""
"Deleted card (safe deletion candidate)","Delete from old Monday list","","8505447838","250209","Business Interiors / 250209","Shipped Orders AKF","No - deleted","Shipped","","2025-02-18","2026-05-13T07:32:24.461Z","The Monday card no longer exists.",""
"Deleted card (safe deletion candidate)","Delete from old Monday list","","8527785446","250210","Miller's Supplies At Work / 250210","Shipped Orders AKF","No - deleted","In Progress (87%)","","2025-02-20","2026-05-13T07:32:24.461Z","The Monday card no longer exists.",""
"Deleted card (safe deletion candidate)","Delete from old Monday list","","8554453407","250211","Benhar Office / 250211","Shipped Orders AKF","No - deleted","Shipped","","2025-02-24","2026-05-13T07:32:24.461Z","The Monday card no longer exists.",""
"Deleted card (safe deletion candidate)","Delete from old Monday list","","8561004779","250212","S-O-S / 250212","Shipped Orders AKF","No - deleted","In Progress (75%)","","2025-02-25","2026-05-13T07:32:24.461Z","The Monday card no longer exists.",""
"Deleted card (safe deletion candidate)","Delete from old Monday list","","8585272179","250213","Creative Office Resources / 250213","Shipped Orders AKF","No - deleted","Shipped","","2025-02-27","2026-05-13T07:32:24.461Z","The Monday card no longer exists.",""
"Deleted card (safe deletion candidate)","Delete from old Monday list","","8587308910","250214","Waldner’s / 250214","Shipped Orders AKF","No - deleted","In Progress (87%)","","2025-02-27","2026-05-13T07:32:24.461Z","The Monday card no longer exists.",""
"Deleted card (safe deletion candidate)","Delete from old Monday list","","8774380325","250303","BFI / 250303","Shipped Orders AKF","No - deleted","Shipped","","2025-03-24","2026-05-13T07:32:24.461Z","The Monday card no longer exists.",""
"Deleted card (safe deletion candidate)","Delete from old Monday list","","8741345199","250304","JC White / 250304","Shipped Orders AKF","No - deleted","Shipped","","2025-03-19","2026-05-13T07:32:24.461Z","The Monday card no longer exists.",""
"Deleted card (safe deletion candidate)","Delete from old Monday list","","8764092000","250305","SOS / 250305g","Shipped Orders AKF","No - deleted","In Progress (87%)","","2025-03-21","2026-05-13T07:32:24.461Z","The Monday card no longer exists.",""
"Deleted card (safe deletion candidate)","Delete from old Monday list","","12192080332","250307","The Workplace Group / 250307","Order Track AKF","No - deleted","In Progress (38%)","","2025-03-24","2026-06-09T21:00:07.253Z","The Monday card no longer exists.",""
"Deleted card (safe deletion candidate)","Delete from old Monday list","","8790092307","250308","Empire Office / 250308","Shipped Orders AKF","No - deleted","Shipped","","2025-03-26","2026-05-13T07:32:24.461Z","The Monday card no longer exists.",""
"Deleted card (safe deletion candidate)","Delete from old Monday list","","8873838561","250309","WB Wood / 250309","Shipped Orders AKF","No - deleted","In Progress (75%)","","2025-04-07","2026-05-13T07:32:24.461Z","The Monday card no longer exists.",""
"Deleted card (safe deletion candidate)","Delete from old Monday list","","8818354690","250310","Architect Of the Capitol / 250310","Shipped Orders AKF","No - deleted","Shipped","","2025-03-27","2026-05-13T07:32:24.461Z","The Monday card no longer exists.",""
"Deleted card (safe deletion candidate)","Delete from old Monday list","","8873945784","250401","Friends Office / 250401","Shipped Orders AKF","No - deleted","Shipped","","2025-04-07","2026-05-13T07:32:24.461Z","The Monday card no longer exists.",""
"Deleted card (safe deletion candidate)","Delete from old Monday list","","8925999125","250402","Benhar Office / 250402","Shipped Orders AKF","No - deleted","In Progress (63%)","","2025-04-09","2026-05-13T07:32:24.461Z","The Monday card no longer exists.",""
"Deleted card (safe deletion candidate)","Delete from old Monday list","","8925999219","250403","Benhar Office / 250403","Shipped Orders AKF","No - deleted","Shipped","","2025-04-09","2026-05-13T07:32:24.461Z","The Monday card no longer exists.",""
"Deleted card (safe deletion candidate)","Delete from old Monday list","","8936558195","250404","US District Court / 250404","Shipped Orders AKF","No - deleted","Shipped","","2025-04-15","2026-05-13T07:32:24.461Z","The Monday card no longer exists.",""
"Deleted card (safe deletion candidate)","Delete from old Monday list","","8934399098","250405","Creative Office Resources (COR) / 250405 (NPB Phase 1)","Shipped Orders AKF","No - deleted","Shipped","","2025-04-14","2026-05-13T07:32:24.461Z","The Monday card no longer exists.",""
"Deleted card (safe deletion candidate)","Delete from old Monday list","","8947170777","250406","S-O-S / 250406","Shipped Orders AKF","No - deleted","Shipped","","2025-04-16","2026-05-13T07:32:24.461Z","The Monday card no longer exists.",""
"Deleted card (safe deletion candidate)","Delete from old Monday list","","8967902001","250407","MOI  / 250407","Shipped Orders AKF","No - deleted","Shipped","","2025-04-21","2026-05-13T07:32:24.461Z","The Monday card no longer exists.",""
"Deleted card (safe deletion candidate)","Delete from old Monday list","","8968072381","250408","Friends Office / 250408","Shipped Orders AKF","No - deleted","Shipped","","2025-04-21","2026-05-13T07:32:24.461Z","The Monday card no longer exists.",""
"Deleted card (safe deletion candidate)","Delete from old Monday list","","9058179775","250409","Creative Office Resources (COR) / 250409","Shipped Orders AKF","No - deleted","Shipped","","2025-05-01","2026-05-13T07:32:24.461Z","The Monday card no longer exists.",""
"Deleted card (safe deletion candidate)","Delete from old Monday list","","8996193640","250410","Office Works / 250410","Shipped Orders AKF","No - deleted","In Progress (51%)","","2025-04-23","2026-05-13T07:32:24.461Z","The Monday card no longer exists.",""
"Deleted card (safe deletion candidate)","Delete from old Monday list","","9032615745","250411","Creative hy Office Resources (COR) / 250411","Shipped Orders AKF","No - deleted","Shipped","","2025-04-29","2026-05-13T07:32:24.461Z","The Monday card no longer exists.",""
"Deleted card (safe deletion candidate)","Delete from old Monday list","","9038062110","250412","P-O-S / 250412","Shipped Orders AKF","No - deleted","Shipped","","2025-04-30","2026-05-13T07:32:24.461Z","The Monday card no longer exists.",""
"Deleted card (safe deletion candidate)","Delete from old Monday list","","9047214396","250502","Creative Office Resources / 250502","Shipped Orders AKF","No - deleted","In Progress (75%)","","2025-05-01","2026-05-13T07:32:24.461Z","The Monday card no longer exists.",""
"Deleted card (safe deletion candidate)","Delete from old Monday list","","9047164208","250503","MOI / 250503","Shipped Orders AKF","No - deleted","Shipped","","2025-05-01","2026-05-13T07:32:24.461Z","The Monday card no longer exists.",""
"Deleted card (safe deletion candidate)","Delete from old Monday list","","9058164787","250504","Lane Office / 250504","Shipped Orders AKF","No - deleted","In Progress (87%)","","2025-05-02","2026-05-13T07:32:24.461Z","The Monday card no longer exists.",""
"Deleted card (safe deletion candidate)","Delete from old Monday list","","9058396893","250505","MOI / 250505","Shipped Orders AKF","No - deleted","In Progress (87%)","","2025-05-02","2026-05-13T07:32:24.461Z","The Monday card no longer exists.",""
"Deleted card (safe deletion candidate)","Delete from old Monday list","","9078820403","250506","AFD Fiserv / 250506","Shipped Orders AKF","No - deleted","Shipped","","2025-05-06","2026-05-13T07:32:24.461Z","The Monday card no longer exists.",""
"Deleted card (safe deletion candidate)","Delete from old Monday list","","9156722365","250508","Henricksen / 250508","Shipped Orders AKF","No - deleted","Shipped","","2025-05-15","2026-05-13T07:32:24.461Z","The Monday card no longer exists.",""
"Deleted card (safe deletion candidate)","Delete from old Monday list","","10519701303","250508R","Henricksen / 250508R","Shipped Orders AKF","No - deleted","In Progress (87%)","","2025-05-15","2026-05-13T07:32:24.461Z","The Monday card no longer exists.",""
"Deleted card (safe deletion candidate)","Delete from old Monday list","","9193489289","250509","Union Office / 250509","Shipped Orders AKF","No - deleted","Shipped","","2025-05-15","2026-05-13T07:32:24.461Z","The Monday card no longer exists.",""
"Deleted card (safe deletion candidate)","Delete from old Monday list","","9193689597","250510","Empire Office / 250510","Shipped Orders AKF","No - deleted","Shipped","","2025-05-20","2026-05-13T07:32:24.461Z","The Monday card no longer exists.",""
"Deleted card (safe deletion candidate)","Delete from old Monday list","","9280006152","250511","One Worksplace/ 250511","Shipped Orders AKF","No - deleted","In Progress (63%)","","2025-05-30","2026-05-13T07:32:24.461Z","The Monday card no longer exists.",""
"Deleted card (safe deletion candidate)","Delete from old Monday list","","9221812560","250513","American design / 250513","Shipped Orders AKF","No - deleted","Shipped","","2025-05-22","2026-05-13T07:32:24.461Z","The Monday card no longer exists.",""
"Deleted card (safe deletion candidate)","Delete from old Monday list","","9222088175","250514","Inside Source / 250514","Shipped Orders AKF","No - deleted","Shipped","","2025-05-23","2026-05-13T07:32:24.461Z","The Monday card no longer exists.",""
"Deleted card (safe deletion candidate)","Delete from old Monday list","","9249213717","250515","Commercial Office Environments / 250515","Shipped Orders AKF","No - deleted","Shipped","","2025-05-28","2026-05-13T07:32:24.461Z","The Monday card no longer exists.",""
"Deleted card (safe deletion candidate)","Delete from old Monday list","","12192080412","250515R","COE/250515R","Order Track AKF","No - deleted","In Progress (88%)","","2026-06-04","2026-06-09T21:00:07.253Z","The Monday card no longer exists.",""
"Deleted card (safe deletion candidate)","Delete from old Monday list","","9261444045","250517","Creative Office Resources (COR) / 250517","Shipped Orders AKF","No - deleted","Shipped","","2025-05-29","2026-05-13T07:32:24.461Z","The Monday card no longer exists.",""
"Deleted card (safe deletion candidate)","Delete from old Monday list","","9266033694","250518","Business  Interiors / 250518","Shipped Orders AKF","No - deleted","Shipped","","2025-05-30","2026-05-13T07:32:24.461Z","The Monday card no longer exists.",""
"Deleted card (safe deletion candidate)","Delete from old Monday list","","9284346796","250601","Bialek / 250601","Shipped Orders AKF","No - deleted","Shipped","","2025-06-02","2026-05-13T07:32:24.461Z","The Monday card no longer exists.",""
"Deleted card (safe deletion candidate)","Delete from old Monday list","","9310697582","250604","MOI / 250604","Shipped Orders AKF","No - deleted","Shipped","","2025-06-04","2026-05-13T07:32:24.461Z","The Monday card no longer exists.",""
"Deleted card (safe deletion candidate)","Delete from old Monday list","","18003788996","250605","Washington Office Interiors / 250605","Shipped Orders AKF","No - deleted","Shipped","","2025-06-04","2026-05-13T07:32:24.461Z","The Monday card no longer exists.",""
"Deleted card (safe deletion candidate)","Delete from old Monday list","","9314340605","250606","MY Office Interiors Limited / 250606","Shipped Orders AKF","No - deleted","Shipped","","2025-06-05","2026-05-13T07:32:24.461Z","The Monday card no longer exists.",""
"Deleted card (safe deletion candidate)","Delete from old Monday list","","9331172566","250608","Benhar / 250608","Shipped Orders AKF","No - deleted","In Progress (87%)","","2025-06-09","2026-05-13T07:32:24.461Z","The Monday card no longer exists.",""
"Deleted card (safe deletion candidate)","Delete from old Monday list","","12192080404","250609","CFI / 250609","Order Track AKF","No - deleted","In Progress (88%)","","2025-06-10","2026-06-09T21:00:07.253Z","The Monday card no longer exists.",""
"Deleted card (safe deletion candidate)","Delete from old Monday list","","11976268176","250610R","Commercial Interiors / 250610R","Order Track AKF","No - deleted","In Progress (100%)","","2026-04-29","2026-06-09T21:00:07.253Z","The Monday card no longer exists.",""
"Deleted card (safe deletion candidate)","Delete from old Monday list","","12192080415","250610R","Commercial Interiors / 250610R","Order Track AKF","No - deleted","In Progress (100%)","","2026-04-29","2026-06-09T21:00:07.253Z","The Monday card no longer exists.",""
"Deleted card (safe deletion candidate)","Delete from old Monday list","","9403382394","250611","Business Interiors / 250611","Shipped Orders AKF","No - deleted","Shipped","","2025-06-17","2026-05-13T07:32:24.461Z","The Monday card no longer exists.",""
"Deleted card (safe deletion candidate)","Delete from old Monday list","","9404810933","250612","Office Works / 250612","Shipped Orders AKF","No - deleted","Shipped","","2025-06-18","2026-05-13T07:32:24.461Z","The Monday card no longer exists.",""
"Deleted card (safe deletion candidate)","Delete from old Monday list","","9430479752","250614","Community Health HQ / 250614","Shipped Orders AKF","No - deleted","Shipped","","2025-06-20","2026-05-13T07:32:24.461Z","The Monday card no longer exists.",""
"Deleted card (safe deletion candidate)","Delete from old Monday list","","9454736458","250617","Waldners / 250617","Shipped Orders AKF","No - deleted","Shipped","","2025-06-25","2026-05-13T07:32:24.461Z","The Monday card no longer exists.",""
"Deleted card (safe deletion candidate)","Delete from old Monday list","","9469694277","250619","Benhar Office/ 250619","Shipped Orders AKF","No - deleted","Shipped","","2025-06-27","2026-05-13T07:32:24.461Z","The Monday card no longer exists.",""
"Deleted card (safe deletion candidate)","Delete from old Monday list","","9491536877","250701","Continua Interiors / 250701","Shipped Orders AKF","No - deleted","Shipped","","2025-07-01","2026-05-13T07:32:24.461Z","The Monday card no longer exists.",""
"Deleted card (safe deletion candidate)","Delete from old Monday list","","9516646222","250702","Henricksen / 250702","Shipped Orders AKF","No - deleted","Shipped","","2025-07-01","2026-05-13T07:32:24.461Z","The Monday card no longer exists.",""
"Deleted card (safe deletion candidate)","Delete from old Monday list","","9517441095","250703","Business Interiors / 250703","Shipped Orders AKF","No - deleted","Shipped","","2025-07-03","2026-05-13T07:32:24.461Z","The Monday card no longer exists.",""
"Deleted card (safe deletion candidate)","Delete from old Monday list","","9584043190","250707","Dustin Construction, Inc. / 250707","Shipped Orders AKF","No - deleted","Shipped","","2025-07-14","2026-05-13T07:32:24.461Z","The Monday card no longer exists.",""
"Deleted card (safe deletion candidate)","Delete from old Monday list","","9584464721","250708","Storage Systems USA / 250708","Shipped Orders AKF","No - deleted","Shipped","","2025-07-14","2026-05-13T07:32:24.461Z","The Monday card no longer exists.",""
"Deleted card (safe deletion candidate)","Delete from old Monday list","","9652685296","250709","SOF Stamford Office Furniture / 250709","Shipped Orders AKF","No - deleted","Shipped","","2025-07-22","2026-05-13T07:32:24.461Z","The Monday card no longer exists.",""
"Deleted card (safe deletion candidate)","Delete from old Monday list","","9693728069","250712","Empire Office / 250712","Shipped Orders AKF","No - deleted","In Progress (87%)","","2025-07-29","2026-05-13T07:32:24.461Z","The Monday card no longer exists.",""
"Deleted card (safe deletion candidate)","Delete from old Monday list","","9725658109","250801","STS Innovative Interiors / 250801","Shipped Orders AKF","No - deleted","Shipped","","2025-08-01","2026-05-13T07:32:24.461Z","The Monday card no longer exists.",""
"Deleted card (safe deletion candidate)","Delete from old Monday list","","9807461601","250804","Continua Interiors / 250804","Shipped Orders AKF","No - deleted","Shipped","","2025-08-11","2026-05-13T07:32:24.461Z","The Monday card no longer exists.",""
"Deleted card (safe deletion candidate)","Delete from old Monday list","","9871650557","250808","Hartman / 250808","Shipped Orders AKF","No - deleted","Shipped","","2025-08-21","2026-05-13T07:32:24.461Z","The Monday card no longer exists.",""
"Deleted card (safe deletion candidate)","Delete from old Monday list","","9902847412","250810","Royer Commercial Interiors / 250810","Shipped Orders AKF","No - deleted","Shipped","","2025-08-26","2026-05-13T07:32:24.461Z","The Monday card no longer exists.",""
"Deleted card (safe deletion candidate)","Delete from old Monday list","","9901551663","250811","GM Business Interiors / 250811zq q","Shipped Orders AKF","No - deleted","Shipped","","2025-08-26","2026-05-13T07:32:24.461Z","The Monday card no longer exists.",""
"Deleted card (safe deletion candidate)","Delete from old Monday list","","9985319531","250901","WB Wood  / 250901","Shipped Orders AKF","No - deleted","Shipped","","2025-09-05","2026-05-13T07:32:24.461Z","The Monday card no longer exists.",""
"Deleted card (safe deletion candidate)","Delete from old Monday list","","10031683315","250902","Soyka Smith / 250902","Shipped Orders AKF","No - deleted","In Progress (75%)","","2025-09-11","2026-05-13T07:32:24.461Z","The Monday card no longer exists.",""
"Deleted card (safe deletion candidate)","Delete from old Monday list","","10054031891","250905","David G. Rosen, Inc. / 250905","Shipped Orders AKF","No - deleted","Shipped","","2025-09-11","2026-05-13T07:32:24.461Z","The Monday card no longer exists.",""
"Deleted card (safe deletion candidate)","Delete from old Monday list","","10065067474","250906","Re District / 250906","Shipped Orders AKF","No - deleted","Shipped","","2025-09-16","2026-05-13T07:32:24.461Z","The Monday card no longer exists.",""
"Deleted card (safe deletion candidate)","Delete from old Monday list","","10070432460","250907","United States Air Force / 250907","Shipped Orders AKF","No - deleted","Shipped","","2025-09-17","2026-05-13T07:32:24.461Z","The Monday card no longer exists.",""
"Deleted card (safe deletion candidate)","Delete from old Monday list","","10082018966","250911","Inside Source / 250911","Shipped Orders AKF","No - deleted","In Progress (63%)","","2025-09-18","2026-05-13T07:32:24.461Z","The Monday card no longer exists.",""
"Deleted card (safe deletion candidate)","Delete from old Monday list","","18035628868","250913","CFI / 250913","Shipped Orders AKF","No - deleted","In Progress (87%)","","2025-09-24","2026-05-13T07:32:24.461Z","The Monday card no longer exists.",""
"Deleted card (safe deletion candidate)","Delete from old Monday list","","18099228628","251001","CFI / 251001","Shipped Orders AKF","No - deleted","In Progress (75%)","","2025-10-02","2026-05-13T07:32:24.461Z","The Monday card no longer exists.",""
"Deleted card (safe deletion candidate)","Delete from old Monday list","","18127361135","251002","Pradere / 251002","Shipped Orders AKF","No - deleted","Shipped","","2025-10-07","2026-05-13T07:32:24.461Z","The Monday card no longer exists.",""
"Deleted card (safe deletion candidate)","Delete from old Monday list","","12192080406","251006","Creative Office Resources (COR) / 251006","Order Track AKF","No - deleted","In Progress (26%)","","2025-10-10","2026-06-09T21:00:07.253Z","The Monday card no longer exists.",""
"Deleted card (safe deletion candidate)","Delete from old Monday list","","18301462668","251012","WB Wood / 251012","Shipped Orders AKF","No - deleted","Shipped","","2025-10-29","2026-05-13T07:32:24.461Z","The Monday card no longer exists.",""
"Deleted card (safe deletion candidate)","Delete from old Monday list","","12192080401","251207","AFD / 251207","Order Track AKF","No - deleted","In Progress (76%)","","2025-12-24","2026-06-09T21:00:07.253Z","The Monday card no longer exists.",""
"Deleted card (safe deletion candidate)","Delete from old Monday list","","12192080402","251208","AFD / 251208","Order Track AKF","No - deleted","In Progress (76%)","","2025-12-24","2026-06-09T21:00:07.253Z","The Monday card no longer exists.",""
"Deleted card (safe deletion candidate)","Delete from old Monday list","","12192080416","260105","Innovative Bussiness Interiors / 260105","Order Track AKF","No - deleted","In Progress (26%)","","2026-01-21","2026-06-09T21:00:07.253Z","The Monday card no longer exists.",""
"Deleted card (safe deletion candidate)","Delete from old Monday list","","12192086263","260201","AFD / 260201","Order Track AKF","No - deleted","In Progress (88%)","","2026-02-23","2026-06-08T08:56:15.727Z","The Monday card no longer exists.",""
"Deleted card (safe deletion candidate)","Delete from old Monday list","","12192086264","260202","MOI / 260202","Order Track AKF","No - deleted","In Progress (76%)","","2026-02-26","2026-06-09T21:00:07.253Z","The Monday card no longer exists.",""
"Deleted card (safe deletion candidate)","Delete from old Monday list","","12192080403","260301","Nicholas P Pipino Assoc, Inc. / 260301","Order Track AKF","No - deleted","In Progress (26%)","","2026-03-03","2026-06-09T21:00:07.253Z","The Monday card no longer exists.",""
"Deleted card (safe deletion candidate)","Delete from old Monday list","","12192080454","260302","The Executive Office of The President / 260302","Order Track AKF","No - deleted","In Progress (100%)","","2026-03-09","2026-06-09T21:00:07.253Z","The Monday card no longer exists.",""
"Deleted card (safe deletion candidate)","Delete from old Monday list","","12192080451","260304","Business Interiors / 260304","Order Track AKF","No - deleted","In Progress (13%)","","2026-03-13","2026-06-09T21:00:07.253Z","The Monday card no longer exists.",""
"Deleted card (safe deletion candidate)","Delete from old Monday list","","12192080325","260305","Business Interiors / 260305","Order Track AKF","No - deleted","In Progress (13%)","","2026-03-19","2026-06-09T21:00:07.253Z","The Monday card no longer exists.",""
"Deleted card (safe deletion candidate)","Delete from old Monday list","","12192080330","260306-A","Hi - Touch / 260306-A","Order Track AKF","No - deleted","In Progress (13%)","","2026-03-23","2026-06-09T21:00:07.253Z","The Monday card no longer exists.",""
"Deleted card (safe deletion candidate)","Delete from old Monday list","","12192080331","260306-B","Hi - Touch / 260306-B","Order Track AKF","No - deleted","In Progress (13%)","","2026-03-23","2026-06-09T21:00:07.253Z","The Monday card no longer exists.",""
"Deleted card (safe deletion candidate)","Delete from old Monday list","","12192080405","260306-C","Hi - Touch / 260306-C","Order Track AKF","No - deleted","In Progress (13%)","","2026-03-23","2026-06-09T21:00:07.253Z","The Monday card no longer exists.",""
"Deleted card (safe deletion candidate)","Delete from old Monday list","","12192080411","260401","Creative Office Resources / 260401","Order Track AKF","No - deleted","In Progress (26%)","","2026-04-13","2026-06-09T21:00:07.253Z","The Monday card no longer exists.",""
"Deleted card (safe deletion candidate)","Delete from old Monday list","","12192080408","260403","Business Interiors / 260403","Order Track AKF","No - deleted","In Progress (13%)","","2026-04-15","2026-06-09T21:00:07.253Z","The Monday card no longer exists.",""
"Deleted card (safe deletion candidate)","Delete from old Monday list","","12192086261","260404","Business Interiors / 260404","Order Track AKF","No - deleted","In Progress (88%)","","2026-04-22","2026-06-09T21:00:07.253Z","The Monday card no longer exists.",""
"Deleted card (safe deletion candidate)","Delete from old Monday list","","12192080409","260406","Commercial Interiors /260406","Order Track AKF","No - deleted","In Progress (13%)","","2026-04-30","2026-06-09T21:00:07.253Z","The Monday card no longer exists.",""
"Deleted card (safe deletion candidate)","Delete from old Monday list","","12192086262","260501","Business Interiors / 260501","Order Track AKF","No - deleted","In Progress (13%)","","2026-04-15","2026-06-09T21:00:07.253Z","The Monday card no longer exists.",""
"Deleted card (safe deletion candidate)","Delete from old Monday list","","12192080414","260502","Create Spaces / 260502","Order Track AKF","No - deleted","In Progress (13%)","","2026-05-07","2026-06-09T21:00:07.253Z","The Monday card no longer exists.",""
"Deleted card (safe deletion candidate)","Delete from old Monday list","","12192080410","260503","Business Interiors / 260503","Order Track AKF","No - deleted","In Progress (13%)","","2026-05-05","2026-06-09T21:00:07.253Z","The Monday card no longer exists.",""
"Deleted card (safe deletion candidate)","Delete from old Monday list","","12883545263","260809","Business Interiors / 260809","New Orders 2026","No - deleted","Not Started","","2026-08-24","2026-08-24T17:33:27.975Z","The Monday card no longer exists.",""
"Deleted card (safe deletion candidate)","Delete from old Monday list","","12883546469","260809","Business Interiors / 260809","New Orders 2026","No - deleted","Not Started","","2026-08-24","2026-08-24T17:33:51.077Z","The Monday card no longer exists.",""
"Deleted card (safe deletion candidate)","Delete from old Monday list","","12883557902","260809","Business Interiors / 260809","New Orders 2026","No - deleted","Not Started","","2026-08-24","2026-08-24T17:34:07.295Z","The Monday card no longer exists.",""
"Deleted card (safe deletion candidate)","Delete from old Monday list","","12883558706","260809","Business Interiors / 260809","New Orders 2026","No - deleted","Not Started","","2026-08-24","2026-08-24T17:34:16.076Z","The Monday card no longer exists.",""
"Deleted card (safe deletion candidate)","Delete from old Monday list","","12883553360","260809","Business Interiors / 260809","New Orders 2026","No - deleted","Not Started","","2026-08-24","2026-08-24T17:34:23.286Z","The Monday card no longer exists.",""
"Deleted card (safe deletion candidate)","Delete from old Monday list","","12883574836","260809","Business Interiors / 260809","New Orders 2026","No - deleted","Not Started","","2026-08-24","2026-08-24T18:24:56.453Z","The Monday card no longer exists.",""
"Deleted card (safe deletion candidate)","Delete from old Monday list","","12883994070","260809","Business Interiors / 260809","New Orders 2026","No - deleted","Not Started","","2026-08-24","2026-08-24T18:08:32.543Z","The Monday card no longer exists.",""
"Deleted card (safe deletion candidate)","Delete from old Monday list","","12884002770","260809","Business Interiors / 260809","New Orders 2026","No - deleted","Not Started","","2026-08-24","2026-08-24T18:08:42.277Z","The Monday card no longer exists.",""
"Deleted card (safe deletion candidate)","Delete from old Monday list","","12882907594","260810","Business Interiors / 260809","New Orders 2026","No - deleted","Not Started","","2026-08-24","2026-08-24T18:25:14.926Z","The Monday card no longer exists.",""
"Deleted card (safe deletion candidate)","Delete from old Monday list","","12883378134","260811","Business Interiors / 260811","New Orders 2026","No - deleted","Not Started","","2026-08-24","2026-08-24T17:21:04.078Z","The Monday card no longer exists.",""
"Deleted card (safe deletion candidate)","Delete from old Monday list","","12883980365","260812","Business Interiors / 260812","New Orders 2026","No - deleted","Not Started","","2026-08-24","2026-08-24T18:08:24.130Z","The Monday card no longer exists.",""
"Deleted card (safe deletion candidate)","Delete from old Monday list","","12192086265","9636","JC White / 9636","Order Track AKF","No - deleted","In Progress (88%)","","2022-08-01","2026-06-09T21:00:07.253Z","The Monday card no longer exists.",""
"Historical shipped card","Keep for review","","5555663907","231113","Office Interiors OK / 231113 (5/27)","Shipped Orders AKF","Yes","In Progress (87%)","","2023-11-22","2026-05-13T07:32:24.461Z","Old Shipped-board card with no current Arnold order link.",""
"Historical shipped card","Keep for review","","5771509641","240101","EvensonBest / 240101","Shipped Orders AKF","Yes","In Progress (87%)","","2023-12-27","2026-05-13T07:32:24.461Z","Old Shipped-board card with no current Arnold order link.",""
"Historical shipped card","Keep for review","","5774084221","240102","Benhar / 240102","Shipped Orders AKF","Yes","In Progress (87%)","","2023-12-28","2026-05-13T07:32:24.461Z","Old Shipped-board card with no current Arnold order link.",""
"Historical shipped card","Keep for review","","5818590461","240103","Inside Source / 240103","Shipped Orders AKF","Yes","In Progress (88%)","","2024-01-09","2026-05-13T07:32:24.461Z","Old Shipped-board card with no current Arnold order link.",""
"Historical shipped card","Keep for review","","5841658440","240105","EvensonBest / 240105 (ready to go)","Shipped Orders AKF","Yes","In Progress (87%)","","2024-01-05","2026-05-13T07:32:24.461Z","Old Shipped-board card with no current Arnold order link.",""
"Historical shipped card","Keep for review","","5845914316","240106","EvensonBest / 240106 (Arrotex - 5/6)","Shipped Orders AKF","Yes","In Progress (87%)","","2024-01-12","2026-05-13T07:32:24.461Z","Old Shipped-board card with no current Arnold order link.",""
"Historical shipped card","Keep for review","","5846868985","240107","Hi Touch / 240107","Shipped Orders AKF","Yes","In Progress (87%)","","2024-01-12","2026-05-13T07:32:24.461Z","Old Shipped-board card with no current Arnold order link.",""
"Historical shipped card","Keep for review","","5883830751","240108","Soyka Smith / 240108","Shipped Orders AKF","Yes","In Progress (75%)","","2024-01-18","2026-05-13T07:32:24.461Z","Old Shipped-board card with no current Arnold order link.",""
"Historical shipped card","Keep for review","","5912807359","240109","EvensonBest / 240109","Shipped Orders AKF","Yes","In Progress (87%)","","2024-01-22","2026-05-13T07:32:24.461Z","Old Shipped-board card with no current Arnold order link.",""
"Historical shipped card","Keep for review","","5934014925","240110","Price Modern / 240110 (5/6)","Shipped Orders AKF","Yes","In Progress (87%)","","2024-01-25","2026-05-13T07:32:24.461Z","Old Shipped-board card with no current Arnold order link.",""
"Historical shipped card","Keep for review","","5937994625","240111","Look Henricksen / 240111","Shipped Orders AKF","Yes","In Progress (87%)","","2024-01-26","2026-05-13T07:32:24.461Z","Old Shipped-board card with no current Arnold order link.",""
"Historical shipped card","Keep for review","","5940601952","240112","Complete Furniture Solution / 240112 (4/25)","Shipped Orders AKF","Yes","In Progress (87%)","","2024-01-26","2026-05-13T07:32:24.461Z","Old Shipped-board card with no current Arnold order link.",""
"Historical shipped card","Keep for review","","5979466693","240201","S-O-S / 240201 (6/17)","Shipped Orders AKF","Yes","In Progress (87%)","","2024-02-01","2026-05-13T07:32:24.461Z","Old Shipped-board card with no current Arnold order link.",""
"Historical shipped card","Keep for review","","6001398469","240202","Arnco Construction,Inc. / 240202","Shipped Orders AKF","Yes","In Progress (87%)","","2024-02-02","2026-05-13T07:32:24.461Z","Old Shipped-board card with no current Arnold order link.",""
"Historical shipped card","Keep for review","","6027497760","240203","S-O-S / 240203","Shipped Orders AKF","Yes","In Progress (87%)","","2024-02-07","2026-05-13T07:32:24.461Z","Old Shipped-board card with no current Arnold order link.",""
"Historical shipped card","Keep for review","","6027497814","240204","HJay Chicoy, LLC / 240204","Shipped Orders AKF","Yes","In Progress (87%)","","2024-02-07","2026-05-13T07:32:24.461Z","Old Shipped-board card with no current Arnold order link.",""
"Historical shipped card","Keep for review","","6080787933","240205","Alianza Duffy / 240205","Shipped Orders AKF","Yes","In Progress (87%)","","2024-02-15","2026-05-13T07:32:24.461Z","Old Shipped-board card with no current Arnold order link.",""
"Historical shipped card","Keep for review","","6081374625","240206","EvensonBest / 240206","Shipped Orders AKF","Yes","In Progress (63%)","","2024-02-16","2026-05-13T07:32:24.461Z","Old Shipped-board card with no current Arnold order link.",""
"Historical shipped card","Keep for review","","6107026728","240207","CFI / 240111","Shipped Orders AKF","Yes","In Progress (87%)","","2024-02-20","2026-05-13T07:32:24.461Z","Old Shipped-board card with no current Arnold order link.",""
"Historical shipped card","Keep for review","","6108079199","240208","360 office Solutions / 240208","Shipped Orders AKF","Yes","In Progress (87%)","","2024-02-19","2026-05-13T07:32:24.461Z","Old Shipped-board card with no current Arnold order link.",""
"Historical shipped card","Keep for review","","6124456918","240209","Empire Office / 240209","Shipped Orders AKF","Yes","In Progress (87%)","","2024-02-23","2026-05-13T07:32:24.461Z","Old Shipped-board card with no current Arnold order link.",""
"Historical shipped card","Keep for review","","6145868185","240210","Henricksen / 240210","Shipped Orders AKF","Yes","In Progress (87%)","","2024-02-26","2026-05-13T07:32:24.461Z","Old Shipped-board card with no current Arnold order link.",""
"Historical shipped card","Keep for review","","6146977957","240211","AFD / 240211 (7/31)","Shipped Orders AKF","Yes","In Progress (100%)","","2024-02-27","2026-05-13T07:32:24.461Z","Old Shipped-board card with no current Arnold order link.",""
"Historical shipped card","Keep for review","","6146978010","240212","AFD / 240212 (7/31)","Shipped Orders AKF","Yes","In Progress (100%)","","2024-02-27","2026-05-13T07:32:24.461Z","Old Shipped-board card with no current Arnold order link.",""
"Historical shipped card","Keep for review","","6146978055","240213","AFD / 240213 (7/31)","Shipped Orders AKF","Yes","In Progress (100%)","","2024-02-27","2026-05-13T07:32:24.461Z","Old Shipped-board card with no current Arnold order link.",""
"Historical shipped card","Keep for review","","6525309918","240412","EvensonBest / 240412","Shipped Orders AKF","Yes","In Progress (63%)","","2024-04-25","2026-05-13T07:32:24.461Z","Old Shipped-board card with no current Arnold order link.",""
"Historical shipped card","Keep for review","","6778056796","240602","HiTouch / 240602","Shipped Orders AKF","Yes","Shipped","","2024-06-05","2026-05-13T07:32:24.461Z","Old Shipped-board card with no current Arnold order link.",""
"Historical shipped card","Keep for review","","6778858440","240603","City Of Greenville / 240603","Shipped Orders AKF","Yes","Shipped","","2024-06-05","2026-05-13T07:32:24.461Z","Old Shipped-board card with no current Arnold order link.",""
"Historical shipped card","Keep for review","","6786824716","240604","Commonwealth Court of PA / 240604","Shipped Orders AKF","Yes","Shipped","","2024-06-06","2026-05-13T07:32:24.461Z","Old Shipped-board card with no current Arnold order link.",""
"Historical shipped card","Keep for review","","6828533556","240608","CFI / 240608","Shipped Orders AKF","Yes","Shipped","","2024-06-13","2026-05-13T07:32:24.461Z","Old Shipped-board card with no current Arnold order link.",""
"Historical shipped card","Keep for review","","6839336589","240610","Soyka Smith Design Studios/ 240610","Shipped Orders AKF","Yes","In Progress (63%)","","2024-06-14","2026-05-13T07:32:24.461Z","Old Shipped-board card with no current Arnold order link.",""
"Historical shipped card","Keep for review","","6875980138","240611","Create Spaces / 240611","Shipped Orders AKF","Yes","Shipped","","2024-06-20","2026-05-13T07:32:24.461Z","Old Shipped-board card with no current Arnold order link.",""
"Historical shipped card","Keep for review","","6883749120","240613","Benhar Office / 240613","Shipped Orders AKF","Yes","Shipped","","2024-06-21","2026-05-13T07:32:24.461Z","Old Shipped-board card with no current Arnold order link.",""
"Historical shipped card","Keep for review","","6902730195","240614","Interior Elements / 240614","Shipped Orders AKF","Yes","Shipped","","2024-06-25","2026-05-13T07:32:24.461Z","Old Shipped-board card with no current Arnold order link.",""
"Historical shipped card","Keep for review","","6903838023","240616","S-O-S / 240616","Shipped Orders AKF","Yes","Shipped","","2024-06-25","2026-05-13T07:32:24.461Z","Old Shipped-board card with no current Arnold order link.",""
"Historical shipped card","Keep for review","","7151116223","240801","Creative Office Resources / 240801","Shipped Orders AKF","Yes","Shipped","","2024-08-01","2026-05-13T07:32:24.461Z","Old Shipped-board card with no current Arnold order link.",""
"Historical shipped card","Keep for review","","7206524401","240804","CFI / 240804","Shipped Orders AKF","Yes","Shipped","","2024-08-06","2026-05-13T07:32:24.461Z","Old Shipped-board card with no current Arnold order link.",""
"Historical shipped card","Keep for review","","7863236524","240806","Inside Sources / 240806","Shipped Orders AKF","Yes","Shipped","","2024-08-14","2026-05-13T07:32:24.461Z","Old Shipped-board card with no current Arnold order link.",""
"Historical shipped card","Keep for review","","7307345729","240808","VA Gov/240808","Shipped Orders AKF","Yes","Shipped","","2024-08-23","2026-05-13T07:32:24.461Z","Old Shipped-board card with no current Arnold order link.",""
"Historical shipped card","Keep for review","","7306790046","240809","Dancker / 240809","Shipped Orders AKF","Yes","Shipped","","2024-08-27","2026-05-13T07:32:24.461Z","Old Shipped-board card with no current Arnold order link.",""
"Historical shipped card","Keep for review","","7463295221","240912","Benhar / 240912","Shipped Orders AKF","Yes","Shipped","","2024-09-19","2026-05-13T07:32:24.461Z","Old Shipped-board card with no current Arnold order link.",""
"Historical shipped card","Keep for review","","7471804843","240913","Miller's work/ 240913","Shipped Orders AKF","Yes","Shipped","","2024-09-20","2026-05-13T07:32:24.461Z","Old Shipped-board card with no current Arnold order link.",""
"Historical shipped card","Keep for review","","7474053752","240914","EvensonBest / 240914","Shipped Orders AKF","Yes","Shipped","","2024-09-20","2026-05-13T07:32:24.461Z","Old Shipped-board card with no current Arnold order link.",""
"Historical shipped card","Keep for review","","7482308680","240915","J.C. White / 240915","Shipped Orders AKF","Yes","In Progress (87%)","","2024-09-23","2026-05-13T07:32:24.461Z","Old Shipped-board card with no current Arnold order link.",""
"Historical shipped card","Keep for review","","7491724158","240916","Essex County Family Courts / 240916","Shipped Orders AKF","Yes","In Progress (87%)","","2024-09-24","2026-05-13T07:32:24.461Z","Old Shipped-board card with no current Arnold order link.",""
"Historical shipped card","Keep for review","","7510796119","240921","S-O-S / 240921","Shipped Orders AKF","Yes","In Progress (75%)","","2024-09-24","2026-05-13T07:32:24.461Z","Old Shipped-board card with no current Arnold order link.",""
"Historical shipped card","Keep for review","","7520132375","240923","S-O-S / 240923","Shipped Orders AKF","Yes","In Progress (51%)","","2024-09-24","2026-05-13T07:32:24.461Z","Old Shipped-board card with no current Arnold order link.",""
"Historical shipped card","Keep for review","","7544046584","241001","Conklin/241001","Shipped Orders AKF","Yes","Shipped","","2024-10-01","2026-05-13T07:32:24.461Z","Old Shipped-board card with no current Arnold order link.",""
"Historical shipped card","Keep for review","","7548579136","241002","BFI / 241002","Shipped Orders AKF","Yes","In Progress (87%)","","2024-10-02","2026-05-13T07:32:24.461Z","Old Shipped-board card with no current Arnold order link.",""
"Historical shipped card","Keep for review","","7549846291","241003","Henricksen / 241003","Shipped Orders AKF","Yes","In Progress (87%)","","2024-10-01","2026-05-13T07:32:24.461Z","Old Shipped-board card with no current Arnold order link.",""
"Historical shipped card","Keep for review","","7551277448","241004","Waldners / 241004","Shipped Orders AKF","Yes","Shipped","","2024-10-01","2026-05-13T07:32:24.461Z","Old Shipped-board card with no current Arnold order link.",""
"Historical shipped card","Keep for review","","7558315381","241005","S-O-S / 241005","Shipped Orders AKF","Yes","In Progress (75%)","","2024-10-02","2026-05-13T07:32:24.461Z","Old Shipped-board card with no current Arnold order link.",""
"Historical shipped card","Keep for review","","7566488544","241006","Red Thread / 241006","Shipped Orders AKF","Yes","Shipped","","2024-10-04","2026-05-13T07:32:24.461Z","Old Shipped-board card with no current Arnold order link.",""
"Historical shipped card","Keep for review","","7568350477","241007","BFI / 241007 (Already Ack by AF)","Shipped Orders AKF","Yes","In Progress (0%)","","2024-10-02","2026-05-13T07:32:24.461Z","Old Shipped-board card with no current Arnold order link.",""
"Historical shipped card","Keep for review","","7570544234","241008","Creative Office resources/241008","Shipped Orders AKF","Yes","In Progress (63%)","","2024-10-04","2026-05-13T07:32:24.461Z","Old Shipped-board card with no current Arnold order link.",""
"Historical shipped card","Keep for review","","7582237486","241009","W.B. Mason / 241009","Shipped Orders AKF","Yes","In Progress (87%)","","2024-10-07","2026-05-13T07:32:24.461Z","Old Shipped-board card with no current Arnold order link.",""
"Historical shipped card","Keep for review","","7582145076","241010","S-O-S / 241010","Shipped Orders AKF","Yes","Shipped","","2024-10-07","2026-05-13T07:32:24.461Z","Old Shipped-board card with no current Arnold order link.",""
"Historical shipped card","Keep for review","","7592363851","241013","S-O-S / 241013","Shipped Orders AKF","Yes","Shipped","","2024-07-12","2026-05-13T07:32:24.461Z","Old Shipped-board card with no current Arnold order link.",""
"Historical shipped card","Keep for review","","7607834078","241014","BFI / 241014","Shipped Orders AKF","Yes","Shipped","","2024-10-09","2026-05-13T07:32:24.461Z","Old Shipped-board card with no current Arnold order link.",""
"Historical shipped card","Keep for review","","7628343752","241015","CFI /","Shipped Orders AKF","Yes","Shipped","","2024-10-14","2026-05-13T07:32:24.461Z","Old Shipped-board card with no current Arnold order link.",""
"Historical shipped card","Keep for review","","7629896156","241017","Empire Office / 241017","Shipped Orders AKF","Yes","In Progress (87%)","","2024-10-07","2026-05-13T07:32:24.461Z","Old Shipped-board card with no current Arnold order link.",""
"Historical shipped card","Keep for review","","7637548624","241018","Empire Office / 241018","Shipped Orders AKF","Yes","In Progress (87%)","","2024-10-07","2026-05-13T07:32:24.461Z","Old Shipped-board card with no current Arnold order link.",""
"Historical shipped card","Keep for review","","7655149485","241021","Staples-Hi Touch / 241021","Shipped Orders AKF","Yes","Shipped","","2024-10-17","2026-05-13T07:32:24.461Z","Old Shipped-board card with no current Arnold order link.",""
"Historical shipped card","Keep for review","","7756142908","241026","Henrickson / 241026","Shipped Orders AKF","Yes","Shipped","","2024-10-31","2026-05-13T07:32:24.461Z","Old Shipped-board card with no current Arnold order link.",""
"Historical shipped card","Keep for review","","7811756281","241103","EvensonBest / 241103","Shipped Orders AKF","Yes","Shipped","","2024-11-08","2026-05-13T07:32:24.461Z","Old Shipped-board card with no current Arnold order link.",""
"Historical shipped card","Keep for review","","7842185840","241105","Thomas Interiors / 241105","Shipped Orders AKF","Yes","Shipped","","2024-11-13","2026-05-13T07:32:24.461Z","Old Shipped-board card with no current Arnold order link.",""
"Historical shipped card","Keep for review","","8020331405","241107","Maryland Office Interiors / 241107","Shipped Orders AKF","Yes","Shipped","","2024-11-14","2026-05-13T07:32:24.461Z","Old Shipped-board card with no current Arnold order link.",""
"Historical shipped card","Keep for review","","7990485095","241201","Waldner's/ 241201","Shipped Orders AKF","Yes","Shipped","","2024-12-04","2026-05-13T07:32:24.461Z","Old Shipped-board card with no current Arnold order link.",""
"Historical shipped card","Keep for review","","8059921520","241204","Equipment Company 241204","Shipped Orders AKF","Yes","Shipped","","2024-12-16","2026-05-13T07:32:24.461Z","Old Shipped-board card with no current Arnold order link.",""
"Historical shipped card","Keep for review","","8084685935","241209","Henricksen / 241209","Shipped Orders AKF","Yes","Shipped","","2024-12-18","2026-05-13T07:32:24.461Z","Old Shipped-board card with no current Arnold order link.",""
"Historical shipped card","Keep for review","","8096682978","241211","S-O-S / 241211","Shipped Orders AKF","Yes","Shipped","","2024-12-20","2026-05-13T07:32:24.461Z","Old Shipped-board card with no current Arnold order link.",""
"Historical shipped card","Keep for review","","8191145521","250108","Staples / 250108","Shipped Orders AKF","Yes","Shipped","","2025-01-08","2026-05-13T07:32:24.461Z","Old Shipped-board card with no current Arnold order link.",""
"Historical shipped card","Keep for review","","8216164236","250109","MOI / 250109","Shipped Orders AKF","Yes","Shipped","","2025-01-10","2026-05-13T07:32:24.461Z","Old Shipped-board card with no current Arnold order link.",""
"Historical shipped card","Keep for review","","8229995092","250111","Evenson Best / 250111","Shipped Orders AKF","Yes","Shipped","","2025-01-13","2026-05-13T07:32:24.461Z","Old Shipped-board card with no current Arnold order link.",""
"Historical shipped card","Keep for review","","8246412895","250112","Waldner's / 250112","Shipped Orders AKF","Yes","Shipped","","2025-01-14","2026-05-13T07:32:24.461Z","Old Shipped-board card with no current Arnold order link.",""
"Pending / active Monday card","Keep for review","","12884168502","260812","Business Interiors / 260812","New Orders 2026","Yes","Not Started","","2026-08-24","2026-08-24T18:26:27.701Z","Active Monday card with no current Arnold order link.",""
